{
  "data": [
    {
      "endStation": "Wien",
      "id": 1,
      "name": "Linz-Wien",
      "sections": [
        2
      ],
      "startStation": "Linz",
      "start_station_id": 2
    },
    {
      "endStation": 2,
      "id": 2,
      "name": "Wien-Linz",
      "sections": [
        5
      ],
      "startStation": 1,
      "start_station_id": 1
    },
    {
      "endStation": 4,
      "id": 3,
      "name": "Linz-Salzburg",
      "sections": [
        3
      ],
      "startStation": 2,
      "start_station_id": 2
    },
    {
      "endStation": 3,
      "id": 4,
      "name": "Linz-Wels",
      "sections": [
        1
      ],
      "startStation": 2,
      "start_station_id": 2
    },
    {
      "endStation": 2,
      "id": 5,
      "name": "Wels-Linz",
      "sections": [
        4
      ],
      "startStation": 3,
      "start_station_id": 3
    },
    {
      "endStation": 4,
      "id": 6,
      "name": "Wels-Salzburg",
      "sections": [
        6
      ],
      "startStation": 3,
      "start_station_id": 3
    },
    {
      "endStation": 4,
      "id": 7,
      "name": "Wien-Salzburg",
      "sections": [
        7
      ],
      "startStation": 1,
      "start_station_id": 1
    },
    {
      "endStation": 3,
      "id": 8,
      "name": "Wien-Wels",
      "sections": [
        8
      ],
      "startStation": 1,
      "start_station_id": 1
    },
    {
      "endStation": 1,
      "id": 9,
      "name": "Wels-Wien",
      "sections": [
        9
      ],
      "startStation": 3,
      "start_station_id": 1
    }
  ]
}