{
  "data": [
    {
      "end_station_id": 1,
      "id": 1,
      "plannedroute_id": 1,
      "price": 60,
      "start_station_id": 2,
      "time": "Sat, 18 Mar 2023 14:44:00 GMT",
      "train_id": 2
    },
    {
      "end_station_id": 2,
      "id": 2,
      "plannedroute_id": 2,
      "price": 50,
      "start_station_id": 1,
      "time": "Sat, 18 Mar 2023 14:44:00 GMT",
      "train_id": 2
    },
    {
      "end_station_id": 4,
      "id": 3,
      "plannedroute_id": 3,
      "price": 40,
      "start_station_id": 2,
      "time": "Sat, 18 Mar 2023 14:44:00 GMT",
      "train_id": 2
    },
    {
      "end_station_id": 3,
      "id": 4,
      "plannedroute_id": 4,
      "price": 20,
      "start_station_id": 2,
      "time": "Sat, 18 Mar 2023 14:44:00 GMT",
      "train_id": 2
    },
    {
      "end_station_id": 2,
      "id": 5,
      "plannedroute_id": 5,
      "price": 60,
      "start_station_id": 3,
      "time": "Sat, 18 Mar 2023 14:44:00 GMT",
      "train_id": 2
    },
    {
      "end_station_id": 4,
      "id": 6,
      "plannedroute_id": 6,
      "price": 30,
      "start_station_id": 3,
      "time": "Sat, 18 Mar 2023 15:00:00 GMT",
      "train_id": 2
    },
    {
      "end_station_id": 4,
      "id": 7,
      "plannedroute_id": 7,
      "price": 80,
      "start_station_id": 1,
      "time": "Sat, 18 Mar 2023 14:44:00 GMT",
      "train_id": 2
    },
    {
      "end_station_id": 3,
      "id": 8,
      "plannedroute_id": 8,
      "price": 65,
      "start_station_id": 1,
      "time": "Sat, 18 Mar 2023 14:44:00 GMT",
      "train_id": 2
    },
    {
      "end_station_id": 1,
      "id": 9,
      "plannedroute_id": 9,
      "price": 70,
      "start_station_id": 3,
      "time": "Sat, 18 Mar 2023 14:44:00 GMT",
      "train_id": 2
    }
  ]
}