{
  "routes": [
    {
      "id": 1,
      "name": "Weststrecke",
      "sections": [
        1,
        2,
        3,
        4,
        5,
        6,
        7,
        8,
        9
      ]
    },
    {
      "id": 2,
      "name": "Oststrecke",
      "sections": [
        1,
        2,
        3,
        4,
        5,
        6,
        7,
        8,
        9
      ]
    },
    {
      "id": 3,
      "name": "Südstrecke",
      "sections": [
        1,
        2,
        3,
        4,
        5,
        6,
        7,
        8,
        9
      ]
    },
    {
      "id": 4,
      "name": "Nordstrecke",
      "sections": [
        1,
        2,
        3,
        4,
        5,
        6,
        7,
        8,
        9
      ]
    }
  ]
}