{
  "sections": [
    {
<<<<<<< HEAD
      "id": 1,
      "startStation": 2,
      "endStation": 3,
      "name": "Linz-Wels",
      "routes": []
    },
    {
      "distance": 100,
      "endStation": 1,
      "fee": 50.0,
      "id": 2,
      "maxSpeed": 150,
      "name": "Linz-Wien",
      "routes": [],
      "startStation": 2
    },
    {
      "distance": 100,
      "endStation": 4,
      "fee": 40.0,
      "id": 3,
      "maxSpeed": 150,
      "name": "Linz-Salzburg",
      "routes": [],
      "startStation": 2
    },
    {
      "distance": 100,
      "endStation": 2,
      "fee": 40.0,
      "id": 4,
      "maxSpeed": 150,
      "name": "Wels-Linz",
      "routes": [],
      "startStation": 3
    },
    {
      "distance": 100,
      "endStation": 2,
      "fee": 50.0,
      "id": 5,
      "maxSpeed": 150,
      "name": "Wien-Linz",
      "routes": [],
      "startStation": 1
    },
    {
      "distance": 60,
      "endStation": 4,
      "fee": 30.0,
      "id": 6,
      "maxSpeed": 150,
      "name": "Wels-Salzburg",
      "routes": [],
      "startStation": 3
    },
    {
      "distance": 130,
      "endStation": 4,
      "fee": 80.0,
      "id": 7,
      "maxSpeed": 150,
      "name": "Wien-Salzburg",
      "routes": [],
      "startStation": 1
    },
    {
      "distance": 100,
      "endStation": 3,
      "fee": 80.0,
      "id": 8,
      "maxSpeed": 150,
      "name": "Wien-Wels",
=======
      "distance": 50,
      "endStation": 3,
      "fee": 25.0,
      "id": 1,
      "maxSpeed": 150,
      "name": "Linz-Wels",
>>>>>>> c35cdc2637bc3e3fc0470136cce6cd5a3ae05b27
      "routes": [],
      "startStation": 2
    },
    {
      "distance": 100,
      "endStation": 1,
      "fee": 80.0,
      "id": 9,
      "maxSpeed": 150,
<<<<<<< HEAD
      "name": "Wels-Wien",
      "routes": [],
=======
      "name": "Linz-Wien",
      "routes": [],
      "startStation": 2
    },
    {
      "distance": 100,
      "endStation": 4,
      "fee": 40.0,
      "id": 3,
      "maxSpeed": 150,
      "name": "Linz-Salzburg",
      "routes": [],
      "startStation": 2
    },
    {
      "distance": 100,
      "endStation": 2,
      "fee": 40.0,
      "id": 4,
      "maxSpeed": 150,
      "name": "Wels-Linz",
      "routes": [],
      "startStation": 3
    },
    {
      "distance": 100,
      "endStation": 2,
      "fee": 50.0,
      "id": 5,
      "maxSpeed": 150,
      "name": "Wien-Linz",
      "routes": [],
      "startStation": 1
    },
    {
      "distance": 60,
      "endStation": 4,
      "fee": 30.0,
      "id": 6,
      "maxSpeed": 150,
      "name": "Wels-Salzburg",
      "routes": [],
      "startStation": 3
    },
    {
      "distance": 130,
      "endStation": 4,
      "fee": 80.0,
      "id": 7,
      "maxSpeed": 150,
      "name": "Wien-Salzburg",
      "routes": [],
      "startStation": 1
    },
    {
      "distance": 100,
      "endStation": 3,
      "fee": 80.0,
      "id": 8,
      "maxSpeed": 150,
      "name": "Wien-Wels",
      "routes": [],
      "startStation": 1
    },
    {
      "distance": 100,
      "endStation": 1,
      "fee": 80.0,
      "id": 9,
      "maxSpeed": 150,
      "name": "Wels-Wien",
      "routes": [],
>>>>>>> c35cdc2637bc3e3fc0470136cce6cd5a3ae05b27
      "startStation": 3
    }
  ]
}