{
  "warnings": [
    {
      "description": "Verzögerte Abfahrt um 10 Minuten.",
      "id": 1,
      "name": "Versp\u00e4tung",
      "routes": [
        1,
        2,
        3,
        4
      ],
      "sections": [
        1,
        2,
        3,
        4
      ]
    },
    {
      "description": "Buslinie 303",
      "id": 2,
      "name": "Schienenersatzverkehr",
      "routes": [
        1,
        2,
        3,
        4
      ],
      "sections": [
        1,
        2,
        3,
        4
      ]
    }
  ]
}